akarageorgiadis@isc.tuc.gr,tasos,karageorgiadis,1234,20/07/2017,24/04/1995,greece,73100,male,09/12/2015
anna.ykl@outlook.com,anna,ykl,N.?E)Rfe,31/07/2017,10/09/1986,greece,65074,female,03/10/2015
makis.karas@yahoo.com,makis,karas,:dEsM7>A,26/04/2017,24/03/1995,greece,46401,male,29/05/2015
giannhs.ada@outlook.com,giannhs,ada,:9-KeQ`I,09/05/2017,07/03/1994,greece,45988,male,23/04/2015
stelios.rod@aol.com,stelios,rod,)#|2d;ln,04/06/2017,24/06/1988,greece,73047,male,18/02/2015
mary.erfy@gmail.com,mary,erfy,OVD+f!-J,21/05/2016,09/07/1990,usa,60982,female,26/05/2015
danny.drinkwater@hotmail.com,danny,drinkwater,6l!)h!g},08/08/2016,06/12/1992,england,93606,male,19/05/2015
james.vardy@gmail.com,james,vardy,;R>dZ4^7,25/12/2016,06/04/1988,england,70829,male,25/09/2015
angus.young@verizon.com,angus,young,c|jHmnBA,11/06/2016,08/11/1992,australia,48187,male,13/09/2015
elenh.kals@verizon.com,elenh,kals,1^d14M)U,20/12/2017,25/11/1993,greece,58519,female,05/06/2015
sofia.sfsf@mail.com,sofia,sfsf,c!O2#/{I,12/04/2017,26/04/1988,greece,52457,female,08/02/2015
maria.qrwge@hotmail.com,maria,qrwge,YDLM5INT,09/06/2017,29/07/1997,greece,78777,female,09/02/2015
ronaldo.moreira@hotmail.com,ronaldo,moreira,@Fm`T$_y,07/01/2016,24/02/1990,brazil,95430,male,11/03/2015
andrea.pirlo@verizon.com,andrea,pirlo,k~]{Yp:*,08/02/2016,24/04/1988,italy,58317,male,07/06/2015
afafada.fhfdjetj@verizon.com,afafada,fhfdjetj,v%A-;=in,12/06/2016,03/12/1990,usa,83485,female,29/11/2015
gfhd.bndtj@mail.com,gfhd,bndtj,f}H<TBv{,12/10/2016,25/03/1991,usa,64322,female,01/01/2016
claus.athanasiadis@verizon.com,claus,athanasiadis,#Ou/v7k$,10/12/2016,01/04/1997,greece,95178,male,30/10/2015
memphis.depay@outlook.com,memphis,depay,^hs\i=}+,14/09/2016,31/12/1994,netherlands,92843,male,28/04/2015
eva.waters@gmail.com,eva,waters,rCK7zV2~,02/11/2017,13/04/1988,australia,74450,female,01/04/2015